role;text;
user;Halo
model;"Halo! What can I do for you today? 
"
user;HGalo
model;"Hi there!  I'm not sure what you mean by HGalo.  Could you please tell me more? 
"
user;Halo
model;"Hello! What can I do for you today? 
"
user;Halo
model;"Hello! ğŸ‘‹  It's nice to hear from you.  What's on your mind? ğŸ˜„ 
"
user;Halo
model;"Hello! ğŸ‘‹  It's great to hear from you.  What can I help you with today? ğŸ˜„ 
"
user;Halo
model;"Hello! ğŸ‘‹  It's nice to hear from you.  How can I help you today? ğŸ˜„ 
"
user;sad
model;"I'm sorry to hear you're feeling sad. ğŸ˜”  It's okay to feel that way sometimes.  Is there anything I can do to help? 

Would you like to talk about what's making you feel sad, or would you prefer to do something else? 

I'm here to listen without judgment.  We could also try some fun activities, or just have a chat. Whatever you need, I'm here for you. ğŸ˜Š
"
user;Alo
model;"Hello! ğŸ‘‹  What's up? ğŸ˜Š  I'm happy to hear from you.  How can I help you today? 


"
user;Halo
model;"Hello! ğŸ‘‹  It's nice to hear from you.  What can I do for you today? ğŸ˜„ 


"
user;Halo
model;"Hello! ğŸ‘‹  What can I do for you today? ğŸ˜Š  I'm happy to help! 


"
user;Halo
model;"Hello! ğŸ‘‹  It's nice to hear from you. ğŸ˜„  What's on your mind today?  ğŸ˜Š 
"
user;Halo
model;"Hello! ğŸ‘‹  It's great to hear from you. ğŸ˜Š  What can I help you with today? 


"
user;Halo
model;"Hello! ğŸ‘‹  It's nice to hear from you. ğŸ˜„  What's on your mind today?  ğŸ˜Š 


"
user;Halooo
model;"Helloooo! ğŸ‘‹  It's great to hear from you.  What's up? ğŸ˜„  


"
user;Hi
model;"Hi there! ğŸ‘‹  It's nice to hear from you. ğŸ˜„  What can I do for you today?  ğŸ˜Š 
"
